Model,Accuracy (Train),Accuracy (Test),ROC AUC (Train),ROC AUC (Test),Threshold
Decision Tree,1.0,0.9104477611940298,1.0,0.7940503432494279,0.5
Logistic Regression,0.8874296435272045,0.8582089552238806,0.8777208338131981,0.7839816933638444,0.5
