model,MSE,RMSE,R2
manual_simple_lr(pclass),1858.5056465595874,43.11038907919514,0.30339396869555646
multiple_lr_sklearn,1286.7487224331503,35.87127991071897,0.5177001896768352
polynomial_lr_deg2,1164.6115505892035,34.12640547419554,0.5634797065217052
